{"0": {"cutoff": 25590, "balance": 0.3700000047683716, "name": "reverb", "roomsize": 2.2699999809265137, "revtime": 0.7400000095367432}}