{"0": {"depth_max": 3.9546783625731, "balance": 0.5, "feedback": 0.25, "name": "chorus", "depth_min": 0.3874269005847953}}